Homicide type,"Age
All","Age
Female","Age
Male"
Victims domestic homicides,49.34844192634561,48.67965367965368,50.614754098360656
Victims non-domestic homicides,38.68342857142857,49.601851851851855,37.146023468057365
